user_id,domain,level,priority,is_on_time,free_time_rto,punct_score
1,1,3,3,1,0.5,1.0
1,1,3,3,1,0.45,1.0
1,1,3,3,1,0.4,1.0
1,1,3,3,1,0.35,1.0
1,1,3,3,1,0.3,1.0
1,1,3,3,1,0.25,1.0
1,1,3,3,1,0.2,1.0
1,1,3,3,1,0.15,1.0
1,1,3,3,1,0.1,1.0
1,1,3,3,1,0.05,1.0
1,1,3,3,1,0.0,1.0
2,1,3,3,1,0.5,1.0
2,1,3,3,1,0.45,1.0
2,1,3,3,1,0.4,1.0
2,1,3,3,1,0.35,1.0
2,1,3,3,1,0.3,1.0
2,1,2,3,1,0.25,1.0
2,1,2,3,1,0.2,1.0
2,1,2,3,1,0.15,1.0
2,1,2,3,1,0.1,1.0
2,1,2,3,1,0.05,1.0
2,1,2,3,1,0.0,1.0
3,1,2,3,1,0.5,1.0
3,1,2,3,1,0.45,1.0
3,1,2,3,1,0.4,1.0
3,1,2,3,1,0.35,1.0
3,1,2,3,1,0.3,1.0
3,1,2,3,1,0.25,1.0
3,1,2,3,1,0.2,1.0
3,1,2,3,1,0.15,1.0
3,1,2,3,1,0.1,1.0
3,1,2,3,1,0.05,1.0
3,1,2,3,1,0.0,1.0
4,1,2,3,1,0.5,1.0
4,1,2,3,1,0.45,1.0
4,1,2,3,1,0.4,1.0
4,1,2,3,1,0.35,1.0
4,1,2,3,1,0.3,1.0
4,1,1,3,1,0.25,1.0
4,1,1,3,1,0.2,1.0
4,1,1,3,1,0.15,1.0
4,1,1,3,1,0.1,1.0
4,1,1,3,1,0.05,1.0
4,1,1,3,1,0.0,1.0
5,1,1,3,1,0.5,1.0
5,1,1,3,1,0.45,1.0
5,1,1,3,1,0.4,1.0
5,1,1,3,1,0.35,1.0
5,1,1,3,1,0.3,1.0
5,1,1,3,1,0.25,1.0
5,1,1,3,1,0.2,1.0
5,1,1,3,1,0.15,1.0
5,1,1,3,1,0.1,1.0
5,1,1,3,1,0.05,1.0
5,1,1,3,1,0.0,1.0
6,1,1,3,1,0.5,1.0
6,1,1,3,1,0.45,1.0
6,1,1,3,1,0.4,1.0
6,1,1,3,1,0.35,1.0
6,1,1,3,1,0.3,1.0
6,1,0,3,1,0.25,1.0
6,1,0,3,1,0.2,1.0
6,1,0,3,1,0.15,1.0
6,1,0,3,1,0.1,1.0
6,1,0,3,1,0.05,1.0
6,1,0,3,1,0.0,1.0
7,1,0,3,1,0.5,1.0
7,1,0,3,1,0.45,1.0
7,1,0,3,1,0.4,1.0
7,1,0,3,1,0.35,1.0
7,1,0,3,1,0.3,1.0
7,1,0,3,1,0.25,1.0
7,1,0,3,1,0.2,1.0
7,1,0,3,1,0.15,1.0
7,1,0,3,1,0.1,1.0
7,1,0,3,1,0.05,1.0
7,1,0,3,1,0.0,1.0
8,1,3,2,1,0.5,1.0
8,1,3,2,1,0.45,1.0
8,1,3,2,1,0.4,1.0
8,1,3,2,1,0.35,1.0
8,1,3,2,1,0.3,1.0
8,1,3,2,1,0.25,1.0
8,1,3,2,1,0.2,1.0
8,1,3,2,1,0.15,1.0
8,1,3,2,1,0.1,1.0
8,1,3,2,1,0.05,1.0
8,1,3,2,1,0.0,1.0
9,1,3,2,1,0.5,1.0
9,1,3,2,1,0.45,1.0
9,1,3,2,1,0.4,1.0
9,1,3,2,1,0.35,1.0
9,1,3,2,1,0.3,1.0
9,1,2,2,1,0.25,1.0
9,1,2,2,1,0.2,1.0
9,1,2,2,1,0.15,1.0
9,1,2,2,1,0.1,1.0
9,1,2,2,1,0.05,1.0
9,1,2,2,1,0.0,1.0
10,1,2,2,1,0.5,1.0
10,1,2,2,1,0.45,1.0
10,1,2,2,1,0.4,1.0
10,1,2,2,1,0.35,1.0
10,1,2,2,1,0.3,1.0
10,1,2,2,1,0.25,1.0
10,1,2,2,1,0.2,1.0
10,1,2,2,1,0.15,1.0
10,1,2,2,1,0.1,1.0
10,1,2,2,1,0.05,1.0
10,1,2,2,1,0.0,1.0
11,1,2,2,1,0.5,1.0
11,1,2,2,1,0.45,1.0
11,1,2,2,1,0.4,1.0
11,1,2,2,1,0.35,1.0
11,1,2,2,1,0.3,1.0
11,1,1,2,1,0.25,1.0
11,1,1,2,1,0.2,1.0
11,1,1,2,1,0.15,1.0
11,1,1,2,1,0.1,1.0
11,1,1,2,1,0.05,1.0
11,1,1,2,1,0.0,1.0
12,1,1,2,1,0.5,1.0
12,1,1,2,1,0.45,1.0
12,1,1,2,1,0.4,1.0
12,1,1,2,1,0.35,1.0
12,1,1,2,1,0.3,1.0
12,1,1,2,1,0.25,1.0
12,1,1,2,1,0.2,1.0
12,1,1,2,1,0.15,1.0
12,1,1,2,1,0.1,1.0
12,1,1,2,1,0.05,1.0
12,1,1,2,1,0.0,1.0
13,1,1,2,1,0.5,1.0
13,1,1,2,1,0.45,1.0
13,1,1,2,1,0.4,1.0
13,1,1,2,1,0.35,1.0
13,1,1,2,1,0.3,1.0
13,1,0,2,1,0.25,1.0
13,1,0,2,1,0.2,1.0
13,1,0,2,1,0.15,1.0
13,1,0,2,1,0.1,1.0
13,1,0,2,1,0.05,1.0
13,1,0,2,1,0.0,1.0
14,1,0,2,1,0.5,1.0
14,1,0,2,1,0.45,1.0
14,1,0,2,1,0.4,1.0
14,1,0,2,1,0.35,1.0
14,1,0,2,1,0.3,1.0
14,1,0,2,1,0.25,1.0
14,1,0,2,1,0.2,1.0
14,1,0,2,1,0.15,1.0
14,1,0,2,1,0.1,1.0
14,1,0,2,1,0.05,1.0
14,1,0,2,1,0.0,1.0
15,1,3,1,1,0.5,1.0
15,1,3,1,1,0.45,1.0
15,1,3,1,1,0.4,1.0
15,1,3,1,1,0.35,1.0
15,1,3,1,1,0.3,1.0
15,1,3,1,1,0.25,1.0
15,1,3,1,1,0.2,1.0
15,1,3,1,1,0.15,1.0
15,1,3,1,1,0.1,1.0
15,1,3,1,1,0.05,1.0
15,1,3,1,1,0.0,1.0
16,1,3,1,1,0.5,1.0
16,1,3,1,1,0.45,1.0
16,1,3,1,1,0.4,1.0
16,1,3,1,1,0.35,1.0
16,1,3,1,1,0.3,1.0
16,1,2,1,1,0.25,1.0
16,1,2,1,1,0.2,1.0
16,1,2,1,1,0.15,1.0
16,1,2,1,1,0.1,1.0
16,1,2,1,1,0.05,1.0
16,1,2,1,1,0.0,1.0
17,1,2,1,1,0.5,1.0
17,1,2,1,1,0.45,1.0
17,1,2,1,1,0.4,1.0
17,1,2,1,1,0.35,1.0
17,1,2,1,1,0.3,1.0
17,1,2,1,1,0.25,1.0
17,1,2,1,1,0.2,1.0
17,1,2,1,1,0.15,1.0
17,1,2,1,1,0.1,1.0
17,1,2,1,1,0.05,1.0
17,1,2,1,1,0.0,1.0
18,1,2,1,1,0.5,1.0
18,1,2,1,1,0.45,1.0
18,1,2,1,1,0.4,1.0
18,1,2,1,1,0.35,1.0
18,1,2,1,1,0.3,1.0
18,1,1,1,1,0.25,1.0
18,1,1,1,1,0.2,1.0
18,1,1,1,1,0.15,1.0
18,1,1,1,1,0.1,1.0
18,1,1,1,1,0.05,1.0
18,1,1,1,1,0.0,1.0
19,1,1,1,1,0.5,1.0
19,1,1,1,1,0.45,1.0
19,1,1,1,1,0.4,1.0
19,1,1,1,1,0.35,1.0
19,1,1,1,1,0.3,1.0
19,1,1,1,1,0.25,1.0
19,1,1,1,1,0.2,1.0
19,1,1,1,1,0.15,1.0
19,1,1,1,1,0.1,1.0
19,1,1,1,1,0.05,1.0
19,1,1,1,1,0.0,1.0
20,1,1,1,1,0.5,1.0
20,1,1,1,1,0.45,1.0
20,1,1,1,1,0.4,1.0
20,1,1,1,1,0.35,1.0
20,1,1,1,1,0.3,1.0
20,1,0,1,1,0.25,1.0
20,1,0,1,1,0.2,1.0
20,1,0,1,1,0.15,1.0
20,1,0,1,1,0.1,1.0
20,1,0,1,1,0.05,1.0
20,1,0,1,1,0.0,1.0
21,1,0,1,1,0.5,1.0
21,1,0,1,1,0.45,1.0
21,1,0,1,1,0.4,1.0
21,1,0,1,1,0.35,1.0
21,1,0,1,1,0.3,1.0
21,1,0,1,1,0.25,1.0
21,1,0,1,1,0.2,1.0
21,1,0,1,1,0.15,1.0
21,1,0,1,1,0.1,1.0
21,1,0,1,1,0.05,1.0
21,1,0,1,1,0.0,1.0
22,1,3,0,1,0.5,1.0
22,1,3,0,1,0.45,1.0
22,1,3,0,1,0.4,1.0
22,1,3,0,1,0.35,1.0
22,1,3,0,1,0.3,1.0
22,1,3,0,1,0.25,1.0
22,1,3,0,1,0.2,1.0
22,1,3,0,1,0.15,1.0
22,1,3,0,1,0.1,1.0
22,1,3,0,1,0.05,1.0
22,1,3,0,1,0.0,1.0
23,1,3,0,1,0.5,1.0
23,1,3,0,1,0.45,1.0
23,1,3,0,1,0.4,1.0
23,1,3,0,1,0.35,1.0
23,1,3,0,1,0.3,1.0
23,1,2,0,1,0.25,1.0
23,1,2,0,1,0.2,1.0
23,1,2,0,1,0.15,1.0
23,1,2,0,1,0.1,1.0
23,1,2,0,1,0.05,1.0
23,1,2,0,1,0.0,1.0
24,1,2,0,1,0.5,1.0
24,1,2,0,1,0.45,1.0
24,1,2,0,1,0.4,1.0
24,1,2,0,1,0.35,1.0
24,1,2,0,1,0.3,1.0
24,1,2,0,1,0.25,1.0
24,1,2,0,1,0.2,1.0
24,1,2,0,1,0.15,1.0
24,1,2,0,1,0.1,1.0
24,1,2,0,1,0.05,1.0
24,1,2,0,1,0.0,1.0
25,1,2,0,1,0.5,1.0
25,1,2,0,1,0.45,1.0
25,1,2,0,1,0.4,1.0
25,1,2,0,1,0.35,1.0
25,1,2,0,1,0.3,1.0
25,1,1,0,1,0.25,1.0
25,1,1,0,1,0.2,1.0
25,1,1,0,1,0.15,1.0
25,1,1,0,1,0.1,1.0
25,1,1,0,1,0.05,1.0
25,1,1,0,1,0.0,1.0
26,1,1,0,1,0.5,1.0
26,1,1,0,1,0.45,1.0
26,1,1,0,1,0.4,1.0
26,1,1,0,1,0.35,1.0
26,1,1,0,1,0.3,1.0
26,1,1,0,1,0.25,1.0
26,1,1,0,1,0.2,1.0
26,1,1,0,1,0.15,1.0
26,1,1,0,1,0.1,1.0
26,1,1,0,1,0.05,1.0
26,1,1,0,1,0.0,1.0
27,1,1,0,1,0.5,1.0
27,1,1,0,1,0.45,1.0
27,1,1,0,1,0.4,1.0
27,1,1,0,1,0.35,1.0
27,1,1,0,1,0.3,1.0
27,1,0,0,1,0.25,1.0
27,1,0,0,1,0.2,1.0
27,1,0,0,1,0.15,1.0
27,1,0,0,1,0.1,1.0
27,1,0,0,1,0.05,1.0
27,1,0,0,1,0.0,1.0
28,1,0,0,1,0.5,1.0
28,1,0,0,1,0.45,1.0
28,1,0,0,1,0.4,1.0
28,1,0,0,1,0.35,1.0
28,1,0,0,1,0.3,1.0
28,1,0,0,1,0.25,1.0
28,1,0,0,1,0.2,1.0
28,1,0,0,1,0.15,1.0
28,1,0,0,1,0.1,1.0
28,1,0,0,1,0.05,1.0
28,1,0,0,1,0.0,1.0
29,1,3,0,1,0.5,1.0
29,1,2,1,1,0.45,1.0
29,1,2,1,1,0.4,1.0
29,1,1,2,1,0.35,1.0
29,1,1,2,1,0.3,1.0
29,1,0,3,1,0.25,1.0
29,1,0,3,1,0.2,1.0
29,1,3,0,1,0.15,1.0
29,1,3,0,1,0.1,1.0
29,1,2,1,1,0.05,1.0
29,1,2,1,1,0.0,1.0
30,1,1,2,1,0.5,1.0
30,1,0,3,1,0.45,1.0
30,1,0,3,1,0.4,1.0
30,1,3,0,1,0.35,1.0
30,1,3,0,1,0.3,1.0
30,1,2,1,1,0.25,1.0
30,1,2,1,1,0.2,1.0
30,1,1,2,1,0.15,1.0
30,1,1,2,1,0.1,1.0
30,1,0,3,1,0.05,1.0
30,1,0,3,1,0.0,1.0
31,1,3,3,1,0.5,1.0
31,1,3,3,1,0.45,1.0
31,1,3,3,1,0.4,1.0
31,1,3,3,1,0.35,1.0
31,1,3,3,1,0.3,1.0
31,1,3,3,1,0.25,1.0
31,1,3,3,1,0.2,1.0
31,1,3,3,1,0.15,1.0
31,1,3,3,1,0.1,1.0
31,1,3,3,1,0.05,1.0
31,1,3,3,1,0.0,1.0
32,1,3,3,1,0.5,1.0
32,1,3,3,1,0.45,1.0
32,1,3,3,1,0.4,1.0
32,1,3,3,1,0.35,1.0
32,1,3,3,1,0.3,1.0
32,1,2,3,1,0.25,1.0
32,1,2,3,1,0.2,1.0
32,1,2,3,1,0.15,1.0
32,1,2,3,1,0.1,1.0
32,1,2,3,1,0.05,1.0
32,1,2,3,1,0.0,1.0
33,1,2,3,1,0.5,1.0
33,1,2,3,1,0.45,1.0
33,1,2,3,1,0.4,1.0
33,1,2,3,1,0.35,1.0
33,1,2,3,1,0.3,1.0
33,1,2,3,1,0.25,1.0
33,1,2,3,1,0.2,1.0
33,1,2,3,1,0.15,1.0
33,1,2,3,1,0.1,1.0
33,1,2,3,1,0.05,1.0
33,1,2,3,1,0.0,1.0
34,1,2,3,1,0.5,1.0
34,1,2,3,1,0.45,1.0
34,1,2,3,1,0.4,1.0
34,1,2,3,1,0.35,1.0
34,1,2,3,1,0.3,1.0
34,1,1,3,1,0.25,1.0
34,1,1,3,1,0.2,1.0
34,1,1,3,1,0.15,1.0
34,1,1,3,1,0.1,1.0
34,1,1,3,1,0.05,1.0
34,1,1,3,1,0.0,1.0
35,1,1,3,1,0.5,1.0
35,1,1,3,1,0.45,1.0
35,1,1,3,1,0.4,1.0
35,1,1,3,1,0.35,1.0
35,1,1,3,1,0.3,1.0
35,1,1,3,1,0.25,1.0
35,1,1,3,1,0.2,1.0
35,1,1,3,1,0.15,1.0
35,1,1,3,1,0.1,1.0
35,1,1,3,1,0.05,1.0
35,1,1,3,1,0.0,1.0
36,1,1,3,1,0.5,1.0
36,1,1,3,1,0.45,1.0
36,1,1,3,1,0.4,1.0
36,1,1,3,1,0.35,1.0
36,1,1,3,1,0.3,1.0
36,1,0,3,1,0.25,1.0
36,1,0,3,1,0.2,1.0
36,1,0,3,1,0.15,1.0
36,1,0,3,1,0.1,1.0
36,1,0,3,1,0.05,1.0
36,1,0,3,1,0.0,1.0
37,1,0,3,1,0.5,1.0
37,1,0,3,1,0.45,1.0
37,1,0,3,1,0.4,1.0
37,1,0,3,1,0.35,1.0
37,1,0,3,1,0.3,1.0
37,1,0,3,1,0.25,1.0
37,1,0,3,1,0.2,1.0
37,1,0,3,1,0.15,1.0
37,1,0,3,1,0.1,1.0
37,1,0,3,1,0.05,1.0
37,1,0,3,1,0.0,1.0
38,1,3,2,1,0.5,1.0
38,1,3,2,1,0.45,1.0
38,1,3,2,1,0.4,1.0
38,1,3,2,1,0.35,1.0
38,1,3,2,1,0.3,1.0
38,1,3,2,1,0.25,1.0
38,1,3,2,1,0.2,1.0
38,1,3,2,1,0.15,1.0
38,1,3,2,1,0.1,1.0
38,1,3,2,1,0.05,1.0
38,1,3,2,1,0.0,1.0
39,1,3,2,1,0.5,1.0
39,1,3,2,1,0.45,1.0
39,1,3,2,1,0.4,1.0
39,1,3,2,1,0.35,1.0
39,1,3,2,1,0.3,1.0
39,1,2,2,1,0.25,1.0
39,1,2,2,1,0.2,1.0
39,1,2,2,1,0.15,1.0
39,1,2,2,1,0.1,1.0
39,1,2,2,1,0.05,1.0
39,1,2,2,1,0.0,1.0
40,1,2,2,1,0.5,1.0
40,1,2,2,1,0.45,1.0
40,1,2,2,1,0.4,1.0
40,1,2,2,1,0.35,1.0
40,1,2,2,1,0.3,1.0
40,1,2,2,1,0.25,1.0
40,1,2,2,1,0.2,1.0
40,1,2,2,1,0.15,1.0
40,1,2,2,1,0.1,1.0
40,1,2,2,1,0.05,1.0
40,1,2,2,1,0.0,1.0
41,1,2,2,1,0.5,1.0
41,1,2,2,1,0.45,1.0
41,1,2,2,1,0.4,1.0
41,1,2,2,1,0.35,1.0
41,1,2,2,1,0.3,1.0
41,1,1,2,1,0.25,1.0
41,1,1,2,1,0.2,1.0
41,1,1,2,1,0.15,1.0
41,1,1,2,1,0.1,1.0
41,1,1,2,1,0.05,1.0
41,1,1,2,1,0.0,1.0
42,1,1,2,1,0.5,1.0
42,1,1,2,1,0.45,1.0
42,1,1,2,1,0.4,1.0
42,1,1,2,1,0.35,1.0
42,1,1,2,1,0.3,1.0
42,1,1,2,1,0.25,1.0
42,1,1,2,1,0.2,1.0
42,1,1,2,1,0.15,1.0
42,1,1,2,1,0.1,1.0
42,1,1,2,1,0.05,1.0
42,1,1,2,1,0.0,1.0
43,1,1,2,1,0.5,1.0
43,1,1,2,1,0.45,1.0
43,1,1,2,1,0.4,1.0
43,1,1,2,1,0.35,1.0
43,1,1,2,1,0.3,1.0
43,1,0,2,1,0.25,1.0
43,1,0,2,1,0.2,1.0
43,1,0,2,1,0.15,1.0
43,1,0,2,1,0.1,1.0
43,1,0,2,1,0.05,1.0
43,1,0,2,1,0.0,1.0
44,1,0,2,1,0.5,1.0
44,1,0,2,1,0.45,1.0
44,1,0,2,1,0.4,1.0
44,1,0,2,1,0.35,1.0
44,1,0,2,1,0.3,1.0
44,1,0,2,1,0.25,1.0
44,1,0,2,1,0.2,1.0
44,1,0,2,1,0.15,1.0
44,1,0,2,1,0.1,1.0
44,1,0,2,1,0.05,1.0
44,1,0,2,1,0.0,1.0
45,1,3,1,1,0.5,1.0
45,1,3,1,1,0.45,1.0
45,1,3,1,1,0.4,1.0
45,1,3,1,1,0.35,1.0
45,1,3,1,1,0.3,1.0
45,1,3,1,1,0.25,1.0
45,1,3,1,1,0.2,1.0
45,1,3,1,1,0.15,1.0
45,1,3,1,1,0.1,1.0
45,1,3,1,1,0.05,1.0
45,1,3,1,1,0.0,1.0
46,1,3,1,1,0.5,1.0
46,1,3,1,1,0.45,1.0
46,1,3,1,1,0.4,1.0
46,1,3,1,1,0.35,1.0
46,1,3,1,1,0.3,1.0
46,1,2,1,1,0.25,1.0
46,1,2,1,1,0.2,1.0
46,1,2,1,1,0.15,1.0
46,1,2,1,1,0.1,1.0
46,1,2,1,1,0.05,1.0
46,1,2,1,1,0.0,1.0
47,1,2,1,1,0.5,1.0
47,1,2,1,1,0.45,1.0
47,1,2,1,1,0.4,1.0
47,1,2,1,1,0.35,1.0
47,1,2,1,1,0.3,1.0
47,1,2,1,1,0.25,1.0
47,1,2,1,1,0.2,1.0
47,1,2,1,1,0.15,1.0
47,1,2,1,1,0.1,1.0
47,1,2,1,1,0.05,1.0
47,1,2,1,1,0.0,1.0
48,1,2,1,1,0.5,1.0
48,1,2,1,1,0.45,1.0
48,1,2,1,1,0.4,1.0
48,1,2,1,1,0.35,1.0
48,1,2,1,1,0.3,1.0
48,1,1,1,1,0.25,1.0
48,1,1,1,1,0.2,1.0
48,1,1,1,1,0.15,1.0
48,1,1,1,1,0.1,1.0
48,1,1,1,1,0.05,1.0
48,1,1,1,1,0.0,1.0
49,1,1,1,1,0.5,1.0
49,1,1,1,1,0.45,1.0
49,1,1,1,1,0.4,1.0
49,1,1,1,1,0.35,1.0
49,1,1,1,1,0.3,1.0
49,1,1,1,1,0.25,1.0
49,1,1,1,1,0.2,1.0
49,1,1,1,1,0.15,1.0
49,1,1,1,1,0.1,1.0
49,1,1,1,1,0.05,1.0
49,1,1,1,1,0.0,1.0
50,1,1,1,1,0.5,1.0
50,1,1,1,1,0.45,1.0
50,1,1,1,1,0.4,1.0
50,1,1,1,1,0.35,1.0
50,1,1,1,1,0.3,1.0
50,1,0,1,1,0.25,1.0
50,1,0,1,1,0.2,1.0
50,1,0,1,1,0.15,1.0
50,1,0,1,1,0.1,1.0
50,1,0,1,1,0.05,1.0
50,1,0,1,1,0.0,1.0
51,1,0,1,1,0.5,1.0
51,1,0,1,1,0.45,1.0
51,1,0,1,1,0.4,1.0
51,1,0,1,1,0.35,1.0
51,1,0,1,1,0.3,1.0
51,1,0,1,1,0.25,1.0
51,1,0,1,1,0.2,1.0
51,1,0,1,1,0.15,1.0
51,1,0,1,1,0.1,1.0
51,1,0,1,1,0.05,1.0
51,1,0,1,1,0.0,1.0
52,1,3,0,1,0.5,1.0
52,1,3,0,1,0.45,1.0
52,1,3,0,1,0.4,1.0
52,1,3,0,1,0.35,1.0
52,1,3,0,1,0.3,1.0
52,1,3,0,1,0.25,1.0
52,1,3,0,1,0.2,1.0
52,1,3,0,1,0.15,1.0
52,1,3,0,1,0.1,1.0
52,1,3,0,1,0.05,1.0
52,1,3,0,1,0.0,1.0
53,1,3,0,1,0.5,1.0
53,1,3,0,1,0.45,1.0
53,1,3,0,1,0.4,1.0
53,1,3,0,1,0.35,1.0
53,1,3,0,1,0.3,1.0
53,1,2,0,1,0.25,1.0
53,1,2,0,1,0.2,1.0
53,1,2,0,1,0.15,1.0
53,1,2,0,1,0.1,1.0
53,1,2,0,1,0.05,1.0
53,1,2,0,1,0.0,1.0
54,1,2,0,1,0.5,1.0
54,1,2,0,1,0.45,1.0
54,1,2,0,1,0.4,1.0
54,1,2,0,1,0.35,1.0
54,1,2,0,1,0.3,1.0
54,1,2,0,1,0.25,1.0
54,1,2,0,1,0.2,1.0
54,1,2,0,1,0.15,1.0
54,1,2,0,1,0.1,1.0
54,1,2,0,1,0.05,1.0
54,1,2,0,1,0.0,1.0
55,1,2,0,1,0.5,1.0
55,1,2,0,1,0.45,1.0
55,1,2,0,1,0.4,1.0
55,1,2,0,1,0.35,1.0
55,1,2,0,1,0.3,1.0
55,1,1,0,1,0.25,1.0
55,1,1,0,1,0.2,1.0
55,1,1,0,1,0.15,1.0
55,1,1,0,1,0.1,1.0
55,1,1,0,1,0.05,1.0
55,1,1,0,1,0.0,1.0
56,1,1,0,1,0.5,1.0
56,1,1,0,1,0.45,1.0
56,1,1,0,1,0.4,1.0
56,1,1,0,1,0.35,1.0
56,1,1,0,1,0.3,1.0
56,1,1,0,1,0.25,1.0
56,1,1,0,1,0.2,1.0
56,1,1,0,1,0.15,1.0
56,1,1,0,1,0.1,1.0
56,1,1,0,1,0.05,1.0
56,1,1,0,1,0.0,1.0
57,1,1,0,1,0.5,1.0
57,1,1,0,1,0.45,1.0
57,1,1,0,1,0.4,1.0
57,1,1,0,1,0.35,1.0
57,1,1,0,1,0.3,1.0
57,1,0,0,1,0.25,1.0
57,1,0,0,1,0.2,1.0
57,1,0,0,1,0.15,1.0
57,1,0,0,1,0.1,1.0
57,1,0,0,1,0.05,1.0
57,1,0,0,1,0.0,1.0
58,1,0,0,1,0.5,1.0
58,1,0,0,1,0.45,1.0
58,1,0,0,1,0.4,1.0
58,1,0,0,1,0.35,1.0
58,1,0,0,1,0.3,1.0
58,1,0,0,1,0.25,1.0
58,1,0,0,1,0.2,1.0
58,1,0,0,1,0.15,1.0
58,1,0,0,1,0.1,1.0
58,1,0,0,1,0.05,1.0
58,1,0,0,1,0.0,1.0
59,1,3,0,1,0.5,1.0
59,1,2,1,1,0.45,1.0
59,1,2,1,1,0.4,1.0
59,1,1,2,1,0.35,1.0
59,1,1,2,1,0.3,1.0
59,1,0,3,1,0.25,1.0
59,1,0,3,1,0.2,1.0
59,1,3,0,1,0.15,1.0
59,1,3,0,1,0.1,1.0
59,1,2,1,1,0.05,1.0
59,1,2,1,1,0.0,1.0
60,1,1,2,1,0.5,1.0
60,1,0,3,1,0.45,1.0
60,1,0,3,1,0.4,1.0
60,1,3,0,1,0.35,1.0
60,1,3,0,1,0.3,1.0
60,1,2,1,1,0.25,1.0
60,1,2,1,1,0.2,1.0
60,1,1,2,1,0.15,1.0
60,1,1,2,1,0.1,1.0
60,1,0,3,1,0.05,1.0
60,1,0,3,1,0.0,1.0
1,1,3,3,0,0.0,0.95
2,1,3,3,0,0.0,0.95
3,1,2,3,0,0.0,0.95
4,1,2,3,0,0.0,0.95
5,1,1,3,0,0.0,0.95
6,1,1,3,0,0.0,0.95
7,1,0,3,0,0.0,0.95
8,1,3,2,0,0.0,0.95
8,1,3,2,0,0.0,1.0
9,1,3,2,0,0.0,0.95
9,1,3,2,0,0.0,1.0
10,1,2,2,0,0.0,0.95
10,1,2,2,0,0.0,1.0
11,1,2,2,0,0.0,0.95
11,1,2,2,0,0.0,1.0
12,1,1,2,0,0.0,0.95
12,1,1,2,0,0.0,1.0
13,1,1,2,0,0.0,0.95
13,1,1,2,0,0.0,1.0
14,1,0,2,0,0.0,0.95
14,1,0,2,0,0.0,1.0
15,1,3,1,0,0.0,0.95
15,1,3,1,0,0.0,1.0
16,1,3,1,0,0.0,0.95
16,1,3,1,0,0.0,1.0
17,1,2,1,0,0.0,0.95
17,1,2,1,0,0.0,1.0
18,1,2,1,0,0.0,0.95
18,1,2,1,0,0.0,1.0
19,1,1,1,0,0.0,0.95
19,1,1,1,0,0.0,1.0
20,1,1,1,0,0.0,0.95
20,1,1,1,0,0.0,1.0
21,1,0,1,0,0.0,0.95
21,1,0,1,0,0.0,1.0
22,1,3,0,0,0.0,0.95
22,1,3,0,0,0.0,1.0
23,1,3,0,0,0.0,0.95
23,1,3,0,0,0.0,1.0
24,1,2,0,0,0.0,0.95
24,1,2,0,0,0.0,1.0
25,1,2,0,0,0.0,0.95
25,1,2,0,0,0.0,1.0
26,1,1,0,0,0.0,0.95
26,1,1,0,0,0.0,1.0
27,1,1,0,0,0.0,0.95
27,1,1,0,0,0.0,1.0
28,1,0,0,0,0.0,0.95
28,1,0,0,0,0.0,1.0
29,1,3,0,0,0.0,0.95
29,1,2,1,0,0.0,0.95
29,1,1,2,0,0.0,0.95
29,1,1,2,0,0.0,1.0
30,1,1,2,0,0.0,0.95
30,1,0,3,0,0.0,0.95
30,1,3,0,0,0.0,0.95
30,1,3,0,0,0.0,1.0
31,1,3,3,0,0.0,0.5
31,1,3,3,0,0.0,0.6
31,1,3,3,0,0.0,0.7
31,1,3,3,0,0.0,0.95
31,1,3,3,0,0.0,1.0
32,1,3,3,0,0.0,0.5
32,1,3,3,0,0.0,0.6
32,1,3,3,0,0.0,0.7
32,1,3,3,0,0.0,0.95
32,1,3,3,0,0.0,1.0
33,1,2,3,0,0.0,0.5
33,1,2,3,0,0.0,0.6
33,1,2,3,0,0.0,0.7
33,1,2,3,0,0.0,0.95
33,1,2,3,0,0.0,1.0
34,1,2,3,0,0.0,0.5
34,1,2,3,0,0.0,0.6
34,1,2,3,0,0.0,0.7
34,1,2,3,0,0.0,0.95
34,1,2,3,0,0.0,1.0
35,1,1,3,0,0.0,0.5
35,1,1,3,0,0.0,0.6
35,1,1,3,0,0.0,0.7
35,1,1,3,0,0.0,0.95
35,1,1,3,0,0.0,1.0
36,1,1,3,0,0.0,0.5
36,1,1,3,0,0.0,0.6
36,1,1,3,0,0.0,0.7
36,1,1,3,0,0.0,0.95
36,1,1,3,0,0.0,1.0
37,1,0,3,0,0.0,0.5
37,1,0,3,0,0.0,0.6
37,1,0,3,0,0.0,0.7
37,1,0,3,0,0.0,0.95
37,1,0,3,0,0.0,1.0
38,1,3,2,0,0.0,0.5
38,1,3,2,0,0.0,0.6
38,1,3,2,0,0.0,0.7
38,1,3,2,0,0.0,0.95
38,1,3,2,0,0.0,1.0
39,1,3,2,0,0.0,0.5
39,1,3,2,0,0.0,0.6
39,1,3,2,0,0.0,0.7
39,1,3,2,0,0.0,0.95
39,1,3,2,0,0.0,1.0
40,1,2,2,0,0.0,0.5
40,1,2,2,0,0.0,0.6
40,1,2,2,0,0.0,0.7
40,1,2,2,0,0.0,0.95
40,1,2,2,0,0.0,1.0
41,1,2,2,0,0.0,0.5
41,1,2,2,0,0.0,0.6
41,1,2,2,0,0.0,0.7
41,1,2,2,0,0.0,0.95
41,1,2,2,0,0.0,1.0
42,1,1,2,0,0.0,0.5
42,1,1,2,0,0.0,0.6
42,1,1,2,0,0.0,0.7
42,1,1,2,0,0.0,0.95
42,1,1,2,0,0.0,1.0
43,1,1,2,0,0.0,0.5
43,1,1,2,0,0.0,0.6
43,1,1,2,0,0.0,0.7
43,1,1,2,0,0.0,0.95
43,1,1,2,0,0.0,1.0
44,1,0,2,0,0.0,0.5
44,1,0,2,0,0.0,0.6
44,1,0,2,0,0.0,0.7
44,1,0,2,0,0.0,0.95
44,1,0,2,0,0.0,1.0
45,1,3,1,0,0.0,0.5
45,1,3,1,0,0.0,0.6
45,1,3,1,0,0.0,0.7
45,1,3,1,0,0.0,0.95
45,1,3,1,0,0.0,1.0
46,1,3,1,0,0.0,0.5
46,1,3,1,0,0.0,0.6
46,1,3,1,0,0.0,0.7
46,1,3,1,0,0.0,0.95
46,1,3,1,0,0.0,1.0
47,1,2,1,0,0.0,0.5
47,1,2,1,0,0.0,0.6
47,1,2,1,0,0.0,0.7
47,1,2,1,0,0.0,0.95
47,1,2,1,0,0.0,1.0
48,1,2,1,0,0.0,0.5
48,1,2,1,0,0.0,0.6
48,1,2,1,0,0.0,0.7
48,1,2,1,0,0.0,0.95
48,1,2,1,0,0.0,1.0
49,1,1,1,0,0.0,0.5
49,1,1,1,0,0.0,0.6
49,1,1,1,0,0.0,0.7
49,1,1,1,0,0.0,0.95
49,1,1,1,0,0.0,1.0
50,1,1,1,0,0.0,0.5
50,1,1,1,0,0.0,0.6
50,1,1,1,0,0.0,0.7
50,1,1,1,0,0.0,0.95
50,1,1,1,0,0.0,1.0
51,1,0,1,0,0.0,0.5
51,1,0,1,0,0.0,0.6
51,1,0,1,0,0.0,0.7
51,1,0,1,0,0.0,0.95
51,1,0,1,0,0.0,1.0
52,1,3,0,0,0.0,0.5
52,1,3,0,0,0.0,0.6
52,1,3,0,0,0.0,0.7
52,1,3,0,0,0.0,0.95
52,1,3,0,0,0.0,1.0
53,1,3,0,0,0.0,0.5
53,1,3,0,0,0.0,0.6
53,1,3,0,0,0.0,0.7
53,1,3,0,0,0.0,0.95
53,1,3,0,0,0.0,1.0
54,1,2,0,0,0.0,0.5
54,1,2,0,0,0.0,0.6
54,1,2,0,0,0.0,0.7
54,1,2,0,0,0.0,0.95
54,1,2,0,0,0.0,1.0
55,1,2,0,0,0.0,0.5
55,1,2,0,0,0.0,0.6
55,1,2,0,0,0.0,0.7
55,1,2,0,0,0.0,0.95
55,1,2,0,0,0.0,1.0
56,1,1,0,0,0.0,0.5
56,1,1,0,0,0.0,0.6
56,1,1,0,0,0.0,0.7
56,1,1,0,0,0.0,0.95
56,1,1,0,0,0.0,1.0
57,1,1,0,0,0.0,0.5
57,1,1,0,0,0.0,0.6
57,1,1,0,0,0.0,0.7
57,1,1,0,0,0.0,0.95
57,1,1,0,0,0.0,1.0
58,1,0,0,0,0.0,0.5
58,1,0,0,0,0.0,0.6
58,1,0,0,0,0.0,0.7
58,1,0,0,0,0.0,0.95
58,1,0,0,0,0.0,1.0
59,1,3,0,0,0.0,0.5
59,1,2,1,0,0.0,0.6
59,1,1,2,0,0.0,0.7
59,1,1,2,0,0.0,0.95
59,1,1,2,0,0.0,1.0
60,1,1,2,0,0.0,0.5
60,1,0,3,0,0.0,0.6
60,1,3,0,0,0.0,0.7
60,1,3,0,0,0.0,0.95
60,1,3,0,0,0.0,1.0
61,1,3,3,1,0.05,1.0
61,1,3,3,1,0.0,1.0
62,1,2,3,1,0.05,1.0
62,1,2,3,1,0.0,1.0
63,1,2,3,1,0.05,1.0
63,1,2,3,1,0.0,1.0
64,1,1,3,1,0.05,1.0
64,1,1,3,1,0.0,1.0
65,1,1,3,1,0.05,1.0
65,1,1,3,1,0.0,1.0
66,1,0,3,1,0.05,1.0
66,1,0,3,1,0.0,1.0
67,1,0,3,1,0.05,1.0
67,1,0,3,1,0.0,1.0
68,1,3,2,1,0.05,1.0
68,1,3,2,1,0.0,1.0
69,1,2,2,1,0.05,1.0
69,1,2,2,1,0.0,1.0
70,1,2,2,1,0.0,1.0
71,1,1,2,1,0.0,1.0
72,1,1,2,1,0.0,1.0
73,1,0,2,1,0.0,1.0
74,1,0,2,1,0.0,1.0
75,1,3,1,1,0.0,1.0
76,1,2,1,1,0.0,1.0
77,1,2,1,1,0.0,1.0
78,1,1,1,1,0.0,1.0
79,1,1,1,1,0.0,1.0
80,1,0,1,1,0.0,1.0
81,1,0,1,1,0.0,1.0
82,1,3,0,1,0.0,1.0
83,1,2,0,1,0.0,1.0
84,1,2,0,1,0.0,1.0
85,1,1,0,1,0.0,1.0
86,1,1,0,1,0.0,1.0
87,1,0,0,1,0.0,1.0
88,1,0,0,1,0.0,1.0
89,1,2,1,1,0.0,1.0
90,1,0,3,1,0.0,1.0
91,1,3,3,1,0.05,1.0
91,1,3,3,1,0.0,1.0
92,1,2,3,1,0.05,1.0
92,1,2,3,1,0.0,1.0
93,1,2,3,1,0.05,1.0
93,1,2,3,1,0.0,1.0
94,1,1,3,1,0.05,1.0
94,1,1,3,1,0.0,1.0
95,1,1,3,1,0.05,1.0
95,1,1,3,1,0.0,1.0
96,1,0,3,1,0.05,1.0
96,1,0,3,1,0.0,1.0
97,1,0,3,1,0.05,1.0
97,1,0,3,1,0.0,1.0
98,1,3,2,1,0.05,1.0
98,1,3,2,1,0.0,1.0
99,1,2,2,1,0.05,1.0
99,1,2,2,1,0.0,1.0
100,1,2,2,1,0.05,1.0
100,1,2,2,1,0.0,1.0
101,1,1,2,1,0.05,1.0
101,1,1,2,1,0.0,1.0
102,1,1,2,1,0.05,1.0
102,1,1,2,1,0.0,1.0
103,1,0,2,1,0.05,1.0
103,1,0,2,1,0.0,1.0
104,1,0,2,1,0.05,1.0
104,1,0,2,1,0.0,1.0
105,1,3,1,1,0.05,1.0
105,1,3,1,1,0.0,1.0
106,1,2,1,1,0.05,1.0
106,1,2,1,1,0.0,1.0
107,1,2,1,1,0.05,1.0
107,1,2,1,1,0.0,1.0
108,1,1,1,1,0.05,1.0
108,1,1,1,1,0.0,1.0
109,1,1,1,1,0.05,1.0
109,1,1,1,1,0.0,1.0
110,1,0,1,1,0.05,1.0
110,1,0,1,1,0.0,1.0
111,1,0,1,1,0.05,1.0
111,1,0,1,1,0.0,1.0
112,1,3,0,1,0.05,1.0
112,1,3,0,1,0.0,1.0
113,1,2,0,1,0.05,1.0
113,1,2,0,1,0.0,1.0
114,1,2,0,1,0.05,1.0
114,1,2,0,1,0.0,1.0
115,1,1,0,1,0.05,1.0
115,1,1,0,1,0.0,1.0
116,1,1,0,1,0.05,1.0
116,1,1,0,1,0.0,1.0
117,1,0,0,1,0.05,1.0
117,1,0,0,1,0.0,1.0
118,1,0,0,1,0.05,1.0
118,1,0,0,1,0.0,1.0
119,1,2,1,1,0.05,1.0
119,1,2,1,1,0.0,1.0
120,1,0,3,1,0.05,1.0
120,1,0,3,1,0.0,1.0
61,1,3,3,0,0.0,0.95
62,1,3,3,0,0.0,0.95
63,1,2,3,0,0.0,0.95
64,1,2,3,0,0.0,0.95
65,1,1,3,0,0.0,0.95
66,1,1,3,0,0.0,0.95
67,1,0,3,0,0.0,0.95
68,1,3,2,0,0.0,0.95
69,1,3,2,0,0.0,0.95
69,1,3,2,0,0.0,1.0
70,1,2,2,0,0.0,1.0
71,1,2,2,0,0.0,1.0
72,1,1,2,0,0.0,1.0
73,1,1,2,0,0.0,1.0
74,1,0,2,0,0.0,1.0
75,1,3,1,0,0.0,1.0
76,1,3,1,0,0.0,1.0
77,1,2,1,0,0.0,1.0
78,1,2,1,0,0.0,1.0
79,1,1,1,0,0.0,1.0
80,1,1,1,0,0.0,1.0
81,1,0,1,0,0.0,1.0
82,1,3,0,0,0.0,1.0
83,1,3,0,0,0.0,1.0
84,1,2,0,0,0.0,1.0
85,1,2,0,0,0.0,1.0
86,1,1,0,0,0.0,1.0
87,1,1,0,0,0.0,1.0
88,1,0,0,0,0.0,1.0
89,1,1,2,0,0.0,1.0
90,1,3,0,0,0.0,1.0
91,1,3,3,0,0.0,1.0
92,1,3,3,0,0.0,1.0
93,1,2,3,0,0.0,1.0
94,1,2,3,0,0.0,1.0
95,1,1,3,0,0.0,1.0
96,1,1,3,0,0.0,1.0
97,1,0,3,0,0.0,1.0
98,1,3,2,0,0.0,1.0
99,1,3,2,0,0.0,1.0
100,1,2,2,0,0.0,1.0
101,1,2,2,0,0.0,1.0
102,1,1,2,0,0.0,1.0
103,1,1,2,0,0.0,1.0
104,1,0,2,0,0.0,1.0
105,1,3,1,0,0.0,1.0
106,1,3,1,0,0.0,1.0
107,1,2,1,0,0.0,1.0
108,1,2,1,0,0.0,1.0
109,1,1,1,0,0.0,1.0
110,1,1,1,0,0.0,1.0
111,1,0,1,0,0.0,1.0
112,1,3,0,0,0.0,1.0
113,1,3,0,0,0.0,1.0
114,1,2,0,0,0.0,1.0
115,1,2,0,0,0.0,1.0
116,1,1,0,0,0.0,1.0
117,1,1,0,0,0.0,1.0
118,1,0,0,0,0.0,1.0
119,1,1,2,0,0.0,1.0
120,1,3,0,0,0.0,1.0
201,2,3,3,1,0.5,1.0
201,2,3,3,1,0.45,1.0
201,2,3,3,1,0.4,1.0
201,2,3,3,1,0.35,1.0
201,2,3,3,1,0.3,1.0
201,2,3,3,1,0.25,1.0
201,2,3,3,1,0.2,1.0
201,2,3,3,1,0.15,1.0
201,2,3,3,1,0.1,1.0
201,2,3,3,1,0.05,1.0
201,2,3,3,1,0.0,1.0
202,2,3,3,1,0.5,1.0
202,2,3,3,1,0.45,1.0
202,2,3,3,1,0.4,1.0
202,2,3,3,1,0.35,1.0
202,2,3,3,1,0.3,1.0
202,2,2,3,1,0.25,1.0
202,2,2,3,1,0.2,1.0
202,2,2,3,1,0.15,1.0
202,2,2,3,1,0.1,1.0
202,2,2,3,1,0.05,1.0
202,2,2,3,1,0.0,1.0
203,2,2,3,1,0.5,1.0
203,2,2,3,1,0.45,1.0
203,2,2,3,1,0.4,1.0
203,2,2,3,1,0.35,1.0
203,2,2,3,1,0.3,1.0
203,2,2,3,1,0.25,1.0
203,2,2,3,1,0.2,1.0
203,2,2,3,1,0.15,1.0
203,2,2,3,1,0.1,1.0
203,2,2,3,1,0.05,1.0
203,2,2,3,1,0.0,1.0
204,2,2,3,1,0.5,1.0
204,2,2,3,1,0.45,1.0
204,2,2,3,1,0.4,1.0
204,2,2,3,1,0.35,1.0
204,2,2,3,1,0.3,1.0
204,2,1,3,1,0.25,1.0
204,2,1,3,1,0.2,1.0
204,2,1,3,1,0.15,1.0
204,2,1,3,1,0.1,1.0
204,2,1,3,1,0.05,1.0
204,2,1,3,1,0.0,1.0
205,2,1,3,1,0.5,1.0
205,2,1,3,1,0.45,1.0
205,2,1,3,1,0.4,1.0
205,2,1,3,1,0.35,1.0
205,2,1,3,1,0.3,1.0
205,2,1,3,1,0.25,1.0
205,2,1,3,1,0.2,1.0
205,2,1,3,1,0.15,1.0
205,2,1,3,1,0.1,1.0
205,2,1,3,1,0.05,1.0
205,2,1,3,1,0.0,1.0
206,2,1,3,1,0.5,1.0
206,2,1,3,1,0.45,1.0
206,2,1,3,1,0.4,1.0
206,2,1,3,1,0.35,1.0
206,2,1,3,1,0.3,1.0
206,2,0,3,1,0.25,1.0
206,2,0,3,1,0.2,1.0
206,2,0,3,1,0.15,1.0
206,2,0,3,1,0.1,1.0
206,2,0,3,1,0.05,1.0
206,2,0,3,1,0.0,1.0
207,2,0,3,1,0.5,1.0
207,2,0,3,1,0.45,1.0
207,2,0,3,1,0.4,1.0
207,2,0,3,1,0.35,1.0
207,2,0,3,1,0.3,1.0
207,2,0,3,1,0.25,1.0
207,2,0,3,1,0.2,1.0
207,2,0,3,1,0.15,1.0
207,2,0,3,1,0.1,1.0
207,2,0,3,1,0.05,1.0
207,2,0,3,1,0.0,1.0
208,2,3,2,1,0.5,1.0
208,2,3,2,1,0.45,1.0
208,2,3,2,1,0.4,1.0
208,2,3,2,1,0.35,1.0
208,2,3,2,1,0.3,1.0
208,2,3,2,1,0.25,1.0
208,2,3,2,1,0.2,1.0
208,2,3,2,1,0.15,1.0
208,2,3,2,1,0.1,1.0
208,2,3,2,1,0.05,1.0
208,2,3,2,1,0.0,1.0
209,2,3,2,1,0.5,1.0
209,2,3,2,1,0.45,1.0
209,2,3,2,1,0.4,1.0
209,2,3,2,1,0.35,1.0
209,2,3,2,1,0.3,1.0
209,2,2,2,1,0.25,1.0
209,2,2,2,1,0.2,1.0
209,2,2,2,1,0.15,1.0
209,2,2,2,1,0.1,1.0
209,2,2,2,1,0.05,1.0
209,2,2,2,1,0.0,1.0
2010,2,2,2,1,0.5,1.0
2010,2,2,2,1,0.45,1.0
2010,2,2,2,1,0.4,1.0
2010,2,2,2,1,0.35,1.0
2010,2,2,2,1,0.3,1.0
2010,2,2,2,1,0.25,1.0
2010,2,2,2,1,0.2,1.0
2010,2,2,2,1,0.15,1.0
2010,2,2,2,1,0.1,1.0
2010,2,2,2,1,0.05,1.0
2010,2,2,2,1,0.0,1.0
2011,2,2,2,1,0.5,1.0
2011,2,2,2,1,0.45,1.0
2011,2,2,2,1,0.4,1.0
2011,2,2,2,1,0.35,1.0
2011,2,2,2,1,0.3,1.0
2011,2,1,2,1,0.25,1.0
2011,2,1,2,1,0.2,1.0
2011,2,1,2,1,0.15,1.0
2011,2,1,2,1,0.1,1.0
2011,2,1,2,1,0.05,1.0
2011,2,1,2,1,0.0,1.0
2012,2,1,2,1,0.5,1.0
2012,2,1,2,1,0.45,1.0
2012,2,1,2,1,0.4,1.0
2012,2,1,2,1,0.35,1.0
2012,2,1,2,1,0.3,1.0
2012,2,1,2,1,0.25,1.0
2012,2,1,2,1,0.2,1.0
2012,2,1,2,1,0.15,1.0
2012,2,1,2,1,0.1,1.0
2012,2,1,2,1,0.05,1.0
2012,2,1,2,1,0.0,1.0
2013,2,1,2,1,0.5,1.0
2013,2,1,2,1,0.45,1.0
2013,2,1,2,1,0.4,1.0
2013,2,1,2,1,0.35,1.0
2013,2,1,2,1,0.3,1.0
2013,2,0,2,1,0.25,1.0
2013,2,0,2,1,0.2,1.0
2013,2,0,2,1,0.15,1.0
2013,2,0,2,1,0.1,1.0
2013,2,0,2,1,0.05,1.0
2013,2,0,2,1,0.0,1.0
2014,2,0,2,1,0.5,1.0
2014,2,0,2,1,0.45,1.0
2014,2,0,2,1,0.4,1.0
2014,2,0,2,1,0.35,1.0
2014,2,0,2,1,0.3,1.0
2014,2,0,2,1,0.25,1.0
2014,2,0,2,1,0.2,1.0
2014,2,0,2,1,0.15,1.0
2014,2,0,2,1,0.1,1.0
2014,2,0,2,1,0.05,1.0
2014,2,0,2,1,0.0,1.0
2015,2,3,1,1,0.5,1.0
2015,2,3,1,1,0.45,1.0
2015,2,3,1,1,0.4,1.0
2015,2,3,1,1,0.35,1.0
2015,2,3,1,1,0.3,1.0
2015,2,3,1,1,0.25,1.0
2015,2,3,1,1,0.2,1.0
2015,2,3,1,1,0.15,1.0
2015,2,3,1,1,0.1,1.0
2015,2,3,1,1,0.05,1.0
2015,2,3,1,1,0.0,1.0
2016,2,3,1,1,0.5,1.0
2016,2,3,1,1,0.45,1.0
2016,2,3,1,1,0.4,1.0
2016,2,3,1,1,0.35,1.0
2016,2,3,1,1,0.3,1.0
2016,2,2,1,1,0.25,1.0
2016,2,2,1,1,0.2,1.0
2016,2,2,1,1,0.15,1.0
2016,2,2,1,1,0.1,1.0
2016,2,2,1,1,0.05,1.0
2016,2,2,1,1,0.0,1.0
2017,2,2,1,1,0.5,1.0
2017,2,2,1,1,0.45,1.0
2017,2,2,1,1,0.4,1.0
2017,2,2,1,1,0.35,1.0
2017,2,2,1,1,0.3,1.0
2017,2,2,1,1,0.25,1.0
2017,2,2,1,1,0.2,1.0
2017,2,2,1,1,0.15,1.0
2017,2,2,1,1,0.1,1.0
2017,2,2,1,1,0.05,1.0
2017,2,2,1,1,0.0,1.0
2018,2,2,1,1,0.5,1.0
2018,2,2,1,1,0.45,1.0
2018,2,2,1,1,0.4,1.0
2018,2,2,1,1,0.35,1.0
2018,2,2,1,1,0.3,1.0
2018,2,1,1,1,0.25,1.0
2018,2,1,1,1,0.2,1.0
2018,2,1,1,1,0.15,1.0
2018,2,1,1,1,0.1,1.0
2018,2,1,1,1,0.05,1.0
2018,2,1,1,1,0.0,1.0
2019,2,1,1,1,0.5,1.0
2019,2,1,1,1,0.45,1.0
2019,2,1,1,1,0.4,1.0
2019,2,1,1,1,0.35,1.0
2019,2,1,1,1,0.3,1.0
2019,2,1,1,1,0.25,1.0
2019,2,1,1,1,0.2,1.0
2019,2,1,1,1,0.15,1.0
2019,2,1,1,1,0.1,1.0
2019,2,1,1,1,0.05,1.0
2019,2,1,1,1,0.0,1.0
2020,2,1,1,1,0.5,1.0
2020,2,1,1,1,0.45,1.0
2020,2,1,1,1,0.4,1.0
2020,2,1,1,1,0.35,1.0
2020,2,1,1,1,0.3,1.0
2020,2,0,1,1,0.25,1.0
2020,2,0,1,1,0.2,1.0
2020,2,0,1,1,0.15,1.0
2020,2,0,1,1,0.1,1.0
2020,2,0,1,1,0.05,1.0
2020,2,0,1,1,0.0,1.0
2021,2,0,1,1,0.5,1.0
2021,2,0,1,1,0.45,1.0
2021,2,0,1,1,0.4,1.0
2021,2,0,1,1,0.35,1.0
2021,2,0,1,1,0.3,1.0
2021,2,0,1,1,0.25,1.0
2021,2,0,1,1,0.2,1.0
2021,2,0,1,1,0.15,1.0
2021,2,0,1,1,0.1,1.0
2021,2,0,1,1,0.05,1.0
2021,2,0,1,1,0.0,1.0
2022,2,3,0,1,0.5,1.0
2022,2,3,0,1,0.45,1.0
2022,2,3,0,1,0.4,1.0
2022,2,3,0,1,0.35,1.0
2022,2,3,0,1,0.3,1.0
2022,2,3,0,1,0.25,1.0
2022,2,3,0,1,0.2,1.0
2022,2,3,0,1,0.15,1.0
2022,2,3,0,1,0.1,1.0
2022,2,3,0,1,0.05,1.0
2022,2,3,0,1,0.0,1.0
2023,2,3,0,1,0.5,1.0
2023,2,3,0,1,0.45,1.0
2023,2,3,0,1,0.4,1.0
2023,2,3,0,1,0.35,1.0
2023,2,3,0,1,0.3,1.0
2023,2,2,0,1,0.25,1.0
2023,2,2,0,1,0.2,1.0
2023,2,2,0,1,0.15,1.0
2023,2,2,0,1,0.1,1.0
2023,2,2,0,1,0.05,1.0
2023,2,2,0,1,0.0,1.0
2024,2,2,0,1,0.5,1.0
2024,2,2,0,1,0.45,1.0
2024,2,2,0,1,0.4,1.0
2024,2,2,0,1,0.35,1.0
2024,2,2,0,1,0.3,1.0
2024,2,2,0,1,0.25,1.0
2024,2,2,0,1,0.2,1.0
2024,2,2,0,1,0.15,1.0
2024,2,2,0,1,0.1,1.0
2024,2,2,0,1,0.05,1.0
2024,2,2,0,1,0.0,1.0
2025,2,2,0,1,0.5,1.0
2025,2,2,0,1,0.45,1.0
2025,2,2,0,1,0.4,1.0
2025,2,2,0,1,0.35,1.0
2025,2,2,0,1,0.3,1.0
2025,2,1,0,1,0.25,1.0
2025,2,1,0,1,0.2,1.0
2025,2,1,0,1,0.15,1.0
2025,2,1,0,1,0.1,1.0
2025,2,1,0,1,0.05,1.0
2025,2,1,0,1,0.0,1.0
2026,2,1,0,1,0.5,1.0
2026,2,1,0,1,0.45,1.0
2026,2,1,0,1,0.4,1.0
2026,2,1,0,1,0.35,1.0
2026,2,1,0,1,0.3,1.0
2026,2,1,0,1,0.25,1.0
2026,2,1,0,1,0.2,1.0
2026,2,1,0,1,0.15,1.0
2026,2,1,0,1,0.1,1.0
2026,2,1,0,1,0.05,1.0
2026,2,1,0,1,0.0,1.0
2027,2,1,0,1,0.5,1.0
2027,2,1,0,1,0.45,1.0
2027,2,1,0,1,0.4,1.0
2027,2,1,0,1,0.35,1.0
2027,2,1,0,1,0.3,1.0
2027,2,0,0,1,0.25,1.0
2027,2,0,0,1,0.2,1.0
2027,2,0,0,1,0.15,1.0
2027,2,0,0,1,0.1,1.0
2027,2,0,0,1,0.05,1.0
2027,2,0,0,1,0.0,1.0
2028,2,0,0,1,0.5,1.0
2028,2,0,0,1,0.45,1.0
2028,2,0,0,1,0.4,1.0
2028,2,0,0,1,0.35,1.0
2028,2,0,0,1,0.3,1.0
2028,2,0,0,1,0.25,1.0
2028,2,0,0,1,0.2,1.0
2028,2,0,0,1,0.15,1.0
2028,2,0,0,1,0.1,1.0
2028,2,0,0,1,0.05,1.0
2028,2,0,0,1,0.0,1.0
2029,2,3,0,1,0.5,1.0
2029,2,2,1,1,0.45,1.0
2029,2,2,1,1,0.4,1.0
2029,2,1,2,1,0.35,1.0
2029,2,1,2,1,0.3,1.0
2029,2,0,3,1,0.25,1.0
2029,2,0,3,1,0.2,1.0
2029,2,3,0,1,0.15,1.0
2029,2,3,0,1,0.1,1.0
2029,2,2,1,1,0.05,1.0
2029,2,2,1,1,0.0,1.0
2030,2,1,2,1,0.5,1.0
2030,2,0,3,1,0.45,1.0
2030,2,0,3,1,0.4,1.0
2030,2,3,0,1,0.35,1.0
2030,2,3,0,1,0.3,1.0
2030,2,2,1,1,0.25,1.0
2030,2,2,1,1,0.2,1.0
2030,2,1,2,1,0.15,1.0
2030,2,1,2,1,0.1,1.0
2030,2,0,3,1,0.05,1.0
2030,2,0,3,1,0.0,1.0
2031,2,3,3,1,0.5,1.0
2031,2,3,3,1,0.45,1.0
2031,2,3,3,1,0.4,1.0
2031,2,3,3,1,0.35,1.0
2031,2,3,3,1,0.3,1.0
2031,2,3,3,1,0.25,1.0
2031,2,3,3,1,0.2,1.0
2031,2,3,3,1,0.15,1.0
2031,2,3,3,1,0.1,1.0
2031,2,3,3,1,0.05,1.0
2031,2,3,3,1,0.0,1.0
2032,2,3,3,1,0.5,1.0
2032,2,3,3,1,0.45,1.0
2032,2,3,3,1,0.4,1.0
2032,2,3,3,1,0.35,1.0
2032,2,3,3,1,0.3,1.0
2032,2,2,3,1,0.25,1.0
2032,2,2,3,1,0.2,1.0
2032,2,2,3,1,0.15,1.0
2032,2,2,3,1,0.1,1.0
2032,2,2,3,1,0.05,1.0
2032,2,2,3,1,0.0,1.0
2033,2,2,3,1,0.5,1.0
2033,2,2,3,1,0.45,1.0
2033,2,2,3,1,0.4,1.0
2033,2,2,3,1,0.35,1.0
2033,2,2,3,1,0.3,1.0
2033,2,2,3,1,0.25,1.0
2033,2,2,3,1,0.2,1.0
2033,2,2,3,1,0.15,1.0
2033,2,2,3,1,0.1,1.0
2033,2,2,3,1,0.05,1.0
2033,2,2,3,1,0.0,1.0
2034,2,2,3,1,0.5,1.0
2034,2,2,3,1,0.45,1.0
2034,2,2,3,1,0.4,1.0
2034,2,2,3,1,0.35,1.0
2034,2,2,3,1,0.3,1.0
2034,2,1,3,1,0.25,1.0
2034,2,1,3,1,0.2,1.0
2034,2,1,3,1,0.15,1.0
2034,2,1,3,1,0.1,1.0
2034,2,1,3,1,0.05,1.0
2034,2,1,3,1,0.0,1.0
2035,2,1,3,1,0.5,1.0
2035,2,1,3,1,0.45,1.0
2035,2,1,3,1,0.4,1.0
2035,2,1,3,1,0.35,1.0
2035,2,1,3,1,0.3,1.0
2035,2,1,3,1,0.25,1.0
2035,2,1,3,1,0.2,1.0
2035,2,1,3,1,0.15,1.0
2035,2,1,3,1,0.1,1.0
2035,2,1,3,1,0.05,1.0
2035,2,1,3,1,0.0,1.0
2036,2,1,3,1,0.5,1.0
2036,2,1,3,1,0.45,1.0
2036,2,1,3,1,0.4,1.0
2036,2,1,3,1,0.35,1.0
2036,2,1,3,1,0.3,1.0
2036,2,0,3,1,0.25,1.0
2036,2,0,3,1,0.2,1.0
2036,2,0,3,1,0.15,1.0
2036,2,0,3,1,0.1,1.0
2036,2,0,3,1,0.05,1.0
2036,2,0,3,1,0.0,1.0
2037,2,0,3,1,0.5,1.0
2037,2,0,3,1,0.45,1.0
2037,2,0,3,1,0.4,1.0
2037,2,0,3,1,0.35,1.0
2037,2,0,3,1,0.3,1.0
2037,2,0,3,1,0.25,1.0
2037,2,0,3,1,0.2,1.0
2037,2,0,3,1,0.15,1.0
2037,2,0,3,1,0.1,1.0
2037,2,0,3,1,0.05,1.0
2037,2,0,3,1,0.0,1.0
2038,2,3,2,1,0.5,1.0
2038,2,3,2,1,0.45,1.0
2038,2,3,2,1,0.4,1.0
2038,2,3,2,1,0.35,1.0
2038,2,3,2,1,0.3,1.0
2038,2,3,2,1,0.25,1.0
2038,2,3,2,1,0.2,1.0
2038,2,3,2,1,0.15,1.0
2038,2,3,2,1,0.1,1.0
2038,2,3,2,1,0.05,1.0
2038,2,3,2,1,0.0,1.0
2039,2,3,2,1,0.5,1.0
2039,2,3,2,1,0.45,1.0
2039,2,3,2,1,0.4,1.0
2039,2,3,2,1,0.35,1.0
2039,2,3,2,1,0.3,1.0
2039,2,2,2,1,0.25,1.0
2039,2,2,2,1,0.2,1.0
2039,2,2,2,1,0.15,1.0
2039,2,2,2,1,0.1,1.0
2039,2,2,2,1,0.05,1.0
2039,2,2,2,1,0.0,1.0
2040,2,2,2,1,0.5,1.0
2040,2,2,2,1,0.45,1.0
2040,2,2,2,1,0.4,1.0
2040,2,2,2,1,0.35,1.0
2040,2,2,2,1,0.3,1.0
2040,2,2,2,1,0.25,1.0
2040,2,2,2,1,0.2,1.0
2040,2,2,2,1,0.15,1.0
2040,2,2,2,1,0.1,1.0
2040,2,2,2,1,0.05,1.0
2040,2,2,2,1,0.0,1.0
2041,2,2,2,1,0.5,1.0
2041,2,2,2,1,0.45,1.0
2041,2,2,2,1,0.4,1.0
2041,2,2,2,1,0.35,1.0
2041,2,2,2,1,0.3,1.0
2041,2,1,2,1,0.25,1.0
2041,2,1,2,1,0.2,1.0
2041,2,1,2,1,0.15,1.0
2041,2,1,2,1,0.1,1.0
2041,2,1,2,1,0.05,1.0
2041,2,1,2,1,0.0,1.0
2042,2,1,2,1,0.5,1.0
2042,2,1,2,1,0.45,1.0
2042,2,1,2,1,0.4,1.0
2042,2,1,2,1,0.35,1.0
2042,2,1,2,1,0.3,1.0
2042,2,1,2,1,0.25,1.0
2042,2,1,2,1,0.2,1.0
2042,2,1,2,1,0.15,1.0
2042,2,1,2,1,0.1,1.0
2042,2,1,2,1,0.05,1.0
2042,2,1,2,1,0.0,1.0
2043,2,1,2,1,0.5,1.0
2043,2,1,2,1,0.45,1.0
2043,2,1,2,1,0.4,1.0
2043,2,1,2,1,0.35,1.0
2043,2,1,2,1,0.3,1.0
2043,2,0,2,1,0.25,1.0
2043,2,0,2,1,0.2,1.0
2043,2,0,2,1,0.15,1.0
2043,2,0,2,1,0.1,1.0
2043,2,0,2,1,0.05,1.0
2043,2,0,2,1,0.0,1.0
2044,2,0,2,1,0.5,1.0
2044,2,0,2,1,0.45,1.0
2044,2,0,2,1,0.4,1.0
2044,2,0,2,1,0.35,1.0
2044,2,0,2,1,0.3,1.0
2044,2,0,2,1,0.25,1.0
2044,2,0,2,1,0.2,1.0
2044,2,0,2,1,0.15,1.0
2044,2,0,2,1,0.1,1.0
2044,2,0,2,1,0.05,1.0
2044,2,0,2,1,0.0,1.0
2045,2,3,1,1,0.5,1.0
2045,2,3,1,1,0.45,1.0
2045,2,3,1,1,0.4,1.0
2045,2,3,1,1,0.35,1.0
2045,2,3,1,1,0.3,1.0
2045,2,3,1,1,0.25,1.0
2045,2,3,1,1,0.2,1.0
2045,2,3,1,1,0.15,1.0
2045,2,3,1,1,0.1,1.0
2045,2,3,1,1,0.05,1.0
2045,2,3,1,1,0.0,1.0
2046,2,3,1,1,0.5,1.0
2046,2,3,1,1,0.45,1.0
2046,2,3,1,1,0.4,1.0
2046,2,3,1,1,0.35,1.0
2046,2,3,1,1,0.3,1.0
2046,2,2,1,1,0.25,1.0
2046,2,2,1,1,0.2,1.0
2046,2,2,1,1,0.15,1.0
2046,2,2,1,1,0.1,1.0
2046,2,2,1,1,0.05,1.0
2046,2,2,1,1,0.0,1.0
2047,2,2,1,1,0.5,1.0
2047,2,2,1,1,0.45,1.0
2047,2,2,1,1,0.4,1.0
2047,2,2,1,1,0.35,1.0
2047,2,2,1,1,0.3,1.0
2047,2,2,1,1,0.25,1.0
2047,2,2,1,1,0.2,1.0
2047,2,2,1,1,0.15,1.0
2047,2,2,1,1,0.1,1.0
2047,2,2,1,1,0.05,1.0
2047,2,2,1,1,0.0,1.0
2048,2,2,1,1,0.5,1.0
2048,2,2,1,1,0.45,1.0
2048,2,2,1,1,0.4,1.0
2048,2,2,1,1,0.35,1.0
2048,2,2,1,1,0.3,1.0
2048,2,1,1,1,0.25,1.0
2048,2,1,1,1,0.2,1.0
2048,2,1,1,1,0.15,1.0
2048,2,1,1,1,0.1,1.0
2048,2,1,1,1,0.05,1.0
2048,2,1,1,1,0.0,1.0
2049,2,1,1,1,0.5,1.0
2049,2,1,1,1,0.45,1.0
2049,2,1,1,1,0.4,1.0
2049,2,1,1,1,0.35,1.0
2049,2,1,1,1,0.3,1.0
2049,2,1,1,1,0.25,1.0
2049,2,1,1,1,0.2,1.0
2049,2,1,1,1,0.15,1.0
2049,2,1,1,1,0.1,1.0
2049,2,1,1,1,0.05,1.0
2049,2,1,1,1,0.0,1.0
2050,2,1,1,1,0.5,1.0
2050,2,1,1,1,0.45,1.0
2050,2,1,1,1,0.4,1.0
2050,2,1,1,1,0.35,1.0
2050,2,1,1,1,0.3,1.0
2050,2,0,1,1,0.25,1.0
2050,2,0,1,1,0.2,1.0
2050,2,0,1,1,0.15,1.0
2050,2,0,1,1,0.1,1.0
2050,2,0,1,1,0.05,1.0
2050,2,0,1,1,0.0,1.0
2051,2,0,1,1,0.5,1.0
2051,2,0,1,1,0.45,1.0
2051,2,0,1,1,0.4,1.0
2051,2,0,1,1,0.35,1.0
2051,2,0,1,1,0.3,1.0
2051,2,0,1,1,0.25,1.0
2051,2,0,1,1,0.2,1.0
2051,2,0,1,1,0.15,1.0
2051,2,0,1,1,0.1,1.0
2051,2,0,1,1,0.05,1.0
2051,2,0,1,1,0.0,1.0
2052,2,3,0,1,0.5,1.0
2052,2,3,0,1,0.45,1.0
2052,2,3,0,1,0.4,1.0
2052,2,3,0,1,0.35,1.0
2052,2,3,0,1,0.3,1.0
2052,2,3,0,1,0.25,1.0
2052,2,3,0,1,0.2,1.0
2052,2,3,0,1,0.15,1.0
2052,2,3,0,1,0.1,1.0
2052,2,3,0,1,0.05,1.0
2052,2,3,0,1,0.0,1.0
2053,2,3,0,1,0.5,1.0
2053,2,3,0,1,0.45,1.0
2053,2,3,0,1,0.4,1.0
2053,2,3,0,1,0.35,1.0
2053,2,3,0,1,0.3,1.0
2053,2,2,0,1,0.25,1.0
2053,2,2,0,1,0.2,1.0
2053,2,2,0,1,0.15,1.0
2053,2,2,0,1,0.1,1.0
2053,2,2,0,1,0.05,1.0
2053,2,2,0,1,0.0,1.0
2054,2,2,0,1,0.5,1.0
2054,2,2,0,1,0.45,1.0
2054,2,2,0,1,0.4,1.0
2054,2,2,0,1,0.35,1.0
2054,2,2,0,1,0.3,1.0
2054,2,2,0,1,0.25,1.0
2054,2,2,0,1,0.2,1.0
2054,2,2,0,1,0.15,1.0
2054,2,2,0,1,0.1,1.0
2054,2,2,0,1,0.05,1.0
2054,2,2,0,1,0.0,1.0
2055,2,2,0,1,0.5,1.0
2055,2,2,0,1,0.45,1.0
2055,2,2,0,1,0.4,1.0
2055,2,2,0,1,0.35,1.0
2055,2,2,0,1,0.3,1.0
2055,2,1,0,1,0.25,1.0
2055,2,1,0,1,0.2,1.0
2055,2,1,0,1,0.15,1.0
2055,2,1,0,1,0.1,1.0
2055,2,1,0,1,0.05,1.0
2055,2,1,0,1,0.0,1.0
2056,2,1,0,1,0.5,1.0
2056,2,1,0,1,0.45,1.0
2056,2,1,0,1,0.4,1.0
2056,2,1,0,1,0.35,1.0
2056,2,1,0,1,0.3,1.0
2056,2,1,0,1,0.25,1.0
2056,2,1,0,1,0.2,1.0
2056,2,1,0,1,0.15,1.0
2056,2,1,0,1,0.1,1.0
2056,2,1,0,1,0.05,1.0
2056,2,1,0,1,0.0,1.0
2057,2,1,0,1,0.5,1.0
2057,2,1,0,1,0.45,1.0
2057,2,1,0,1,0.4,1.0
2057,2,1,0,1,0.35,1.0
2057,2,1,0,1,0.3,1.0
2057,2,0,0,1,0.25,1.0
2057,2,0,0,1,0.2,1.0
2057,2,0,0,1,0.15,1.0
2057,2,0,0,1,0.1,1.0
2057,2,0,0,1,0.05,1.0
2057,2,0,0,1,0.0,1.0
2058,2,0,0,1,0.5,1.0
2058,2,0,0,1,0.45,1.0
2058,2,0,0,1,0.4,1.0
2058,2,0,0,1,0.35,1.0
2058,2,0,0,1,0.3,1.0
2058,2,0,0,1,0.25,1.0
2058,2,0,0,1,0.2,1.0
2058,2,0,0,1,0.15,1.0
2058,2,0,0,1,0.1,1.0
2058,2,0,0,1,0.05,1.0
2058,2,0,0,1,0.0,1.0
2059,2,3,0,1,0.5,1.0
2059,2,2,1,1,0.45,1.0
2059,2,2,1,1,0.4,1.0
2059,2,1,2,1,0.35,1.0
2059,2,1,2,1,0.3,1.0
2059,2,0,3,1,0.25,1.0
2059,2,0,3,1,0.2,1.0
2059,2,3,0,1,0.15,1.0
2059,2,3,0,1,0.1,1.0
2059,2,2,1,1,0.05,1.0
2059,2,2,1,1,0.0,1.0
2060,2,1,2,1,0.5,1.0
2060,2,0,3,1,0.45,1.0
2060,2,0,3,1,0.4,1.0
2060,2,3,0,1,0.35,1.0
2060,2,3,0,1,0.3,1.0
2060,2,2,1,1,0.25,1.0
2060,2,2,1,1,0.2,1.0
2060,2,1,2,1,0.15,1.0
2060,2,1,2,1,0.1,1.0
2060,2,0,3,1,0.05,1.0
2060,2,0,3,1,0.0,1.0
201,2,3,3,0,0.0,0.95
202,2,3,3,0,0.0,0.95
203,2,2,3,0,0.0,0.95
204,2,2,3,0,0.0,0.95
205,2,1,3,0,0.0,0.95
206,2,1,3,0,0.0,0.95
207,2,0,3,0,0.0,0.95
208,2,3,2,0,0.0,0.95
208,2,3,2,0,0.0,1.0
209,2,3,2,0,0.0,0.95
209,2,3,2,0,0.0,1.0
2010,2,2,2,0,0.0,0.95
2010,2,2,2,0,0.0,1.0
2011,2,2,2,0,0.0,0.95
2011,2,2,2,0,0.0,1.0
2012,2,1,2,0,0.0,0.95
2012,2,1,2,0,0.0,1.0
2013,2,1,2,0,0.0,0.95
2013,2,1,2,0,0.0,1.0
2014,2,0,2,0,0.0,0.95
2014,2,0,2,0,0.0,1.0
2015,2,3,1,0,0.0,0.95
2015,2,3,1,0,0.0,1.0
2016,2,3,1,0,0.0,0.95
2016,2,3,1,0,0.0,1.0
2017,2,2,1,0,0.0,0.95
2017,2,2,1,0,0.0,1.0
2018,2,2,1,0,0.0,0.95
2018,2,2,1,0,0.0,1.0
2019,2,1,1,0,0.0,0.95
2019,2,1,1,0,0.0,1.0
2020,2,1,1,0,0.0,0.95
2020,2,1,1,0,0.0,1.0
2021,2,0,1,0,0.0,0.95
2021,2,0,1,0,0.0,1.0
2022,2,3,0,0,0.0,0.95
2022,2,3,0,0,0.0,1.0
2023,2,3,0,0,0.0,0.95
2023,2,3,0,0,0.0,1.0
2024,2,2,0,0,0.0,0.95
2024,2,2,0,0,0.0,1.0
2025,2,2,0,0,0.0,0.95
2025,2,2,0,0,0.0,1.0
2026,2,1,0,0,0.0,0.95
2026,2,1,0,0,0.0,1.0
2027,2,1,0,0,0.0,0.95
2027,2,1,0,0,0.0,1.0
2028,2,0,0,0,0.0,0.95
2028,2,0,0,0,0.0,1.0
2029,2,3,0,0,0.0,0.95
2029,2,2,1,0,0.0,0.95
2029,2,1,2,0,0.0,0.95
2029,2,1,2,0,0.0,1.0
2030,2,1,2,0,0.0,0.95
2030,2,0,3,0,0.0,0.95
2030,2,3,0,0,0.0,0.95
2030,2,3,0,0,0.0,1.0
2031,2,3,3,0,0.0,0.5
2031,2,3,3,0,0.0,0.6
2031,2,3,3,0,0.0,0.7
2031,2,3,3,0,0.0,0.95
2031,2,3,3,0,0.0,1.0
2032,2,3,3,0,0.0,0.5
2032,2,3,3,0,0.0,0.6
2032,2,3,3,0,0.0,0.7
2032,2,3,3,0,0.0,0.95
2032,2,3,3,0,0.0,1.0
2033,2,2,3,0,0.0,0.5
2033,2,2,3,0,0.0,0.6
2033,2,2,3,0,0.0,0.7
2033,2,2,3,0,0.0,0.95
2033,2,2,3,0,0.0,1.0
2034,2,2,3,0,0.0,0.5
2034,2,2,3,0,0.0,0.6
2034,2,2,3,0,0.0,0.7
2034,2,2,3,0,0.0,0.95
2034,2,2,3,0,0.0,1.0
2035,2,1,3,0,0.0,0.5
2035,2,1,3,0,0.0,0.6
2035,2,1,3,0,0.0,0.7
2035,2,1,3,0,0.0,0.95
2035,2,1,3,0,0.0,1.0
2036,2,1,3,0,0.0,0.5
2036,2,1,3,0,0.0,0.6
2036,2,1,3,0,0.0,0.7
2036,2,1,3,0,0.0,0.95
2036,2,1,3,0,0.0,1.0
2037,2,0,3,0,0.0,0.5
2037,2,0,3,0,0.0,0.6
2037,2,0,3,0,0.0,0.7
2037,2,0,3,0,0.0,0.95
2037,2,0,3,0,0.0,1.0
2038,2,3,2,0,0.0,0.5
2038,2,3,2,0,0.0,0.6
2038,2,3,2,0,0.0,0.7
2038,2,3,2,0,0.0,0.95
2038,2,3,2,0,0.0,1.0
2039,2,3,2,0,0.0,0.5
2039,2,3,2,0,0.0,0.6
2039,2,3,2,0,0.0,0.7
2039,2,3,2,0,0.0,0.95
2039,2,3,2,0,0.0,1.0
2040,2,2,2,0,0.0,0.5
2040,2,2,2,0,0.0,0.6
2040,2,2,2,0,0.0,0.7
2040,2,2,2,0,0.0,0.95
2040,2,2,2,0,0.0,1.0
2041,2,2,2,0,0.0,0.5
2041,2,2,2,0,0.0,0.6
2041,2,2,2,0,0.0,0.7
2041,2,2,2,0,0.0,0.95
2041,2,2,2,0,0.0,1.0
2042,2,1,2,0,0.0,0.5
2042,2,1,2,0,0.0,0.6
2042,2,1,2,0,0.0,0.7
2042,2,1,2,0,0.0,0.95
2042,2,1,2,0,0.0,1.0
2043,2,1,2,0,0.0,0.5
2043,2,1,2,0,0.0,0.6
2043,2,1,2,0,0.0,0.7
2043,2,1,2,0,0.0,0.95
2043,2,1,2,0,0.0,1.0
2044,2,0,2,0,0.0,0.5
2044,2,0,2,0,0.0,0.6
2044,2,0,2,0,0.0,0.7
2044,2,0,2,0,0.0,0.95
2044,2,0,2,0,0.0,1.0
2045,2,3,1,0,0.0,0.5
2045,2,3,1,0,0.0,0.6
2045,2,3,1,0,0.0,0.7
2045,2,3,1,0,0.0,0.95
2045,2,3,1,0,0.0,1.0
2046,2,3,1,0,0.0,0.5
2046,2,3,1,0,0.0,0.6
2046,2,3,1,0,0.0,0.7
2046,2,3,1,0,0.0,0.95
2046,2,3,1,0,0.0,1.0
2047,2,2,1,0,0.0,0.5
2047,2,2,1,0,0.0,0.6
2047,2,2,1,0,0.0,0.7
2047,2,2,1,0,0.0,0.95
2047,2,2,1,0,0.0,1.0
2048,2,2,1,0,0.0,0.5
2048,2,2,1,0,0.0,0.6
2048,2,2,1,0,0.0,0.7
2048,2,2,1,0,0.0,0.95
2048,2,2,1,0,0.0,1.0
2049,2,1,1,0,0.0,0.5
2049,2,1,1,0,0.0,0.6
2049,2,1,1,0,0.0,0.7
2049,2,1,1,0,0.0,0.95
2049,2,1,1,0,0.0,1.0
2050,2,1,1,0,0.0,0.5
2050,2,1,1,0,0.0,0.6
2050,2,1,1,0,0.0,0.7
2050,2,1,1,0,0.0,0.95
2050,2,1,1,0,0.0,1.0
2051,2,0,1,0,0.0,0.5
2051,2,0,1,0,0.0,0.6
2051,2,0,1,0,0.0,0.7
2051,2,0,1,0,0.0,0.95
2051,2,0,1,0,0.0,1.0
2052,2,3,0,0,0.0,0.5
2052,2,3,0,0,0.0,0.6
2052,2,3,0,0,0.0,0.7
2052,2,3,0,0,0.0,0.95
2052,2,3,0,0,0.0,1.0
2053,2,3,0,0,0.0,0.5
2053,2,3,0,0,0.0,0.6
2053,2,3,0,0,0.0,0.7
2053,2,3,0,0,0.0,0.95
2053,2,3,0,0,0.0,1.0
2054,2,2,0,0,0.0,0.5
2054,2,2,0,0,0.0,0.6
2054,2,2,0,0,0.0,0.7
2054,2,2,0,0,0.0,0.95
2054,2,2,0,0,0.0,1.0
2055,2,2,0,0,0.0,0.5
2055,2,2,0,0,0.0,0.6
2055,2,2,0,0,0.0,0.7
2055,2,2,0,0,0.0,0.95
2055,2,2,0,0,0.0,1.0
2056,2,1,0,0,0.0,0.5
2056,2,1,0,0,0.0,0.6
2056,2,1,0,0,0.0,0.7
2056,2,1,0,0,0.0,0.95
2056,2,1,0,0,0.0,1.0
2057,2,1,0,0,0.0,0.5
2057,2,1,0,0,0.0,0.6
2057,2,1,0,0,0.0,0.7
2057,2,1,0,0,0.0,0.95
2057,2,1,0,0,0.0,1.0
2058,2,0,0,0,0.0,0.5
2058,2,0,0,0,0.0,0.6
2058,2,0,0,0,0.0,0.7
2058,2,0,0,0,0.0,0.95
2058,2,0,0,0,0.0,1.0
2059,2,3,0,0,0.0,0.5
2059,2,2,1,0,0.0,0.6
2059,2,1,2,0,0.0,0.7
2059,2,1,2,0,0.0,0.95
2059,2,1,2,0,0.0,1.0
2060,2,1,2,0,0.0,0.5
2060,2,0,3,0,0.0,0.6
2060,2,3,0,0,0.0,0.7
2060,2,3,0,0,0.0,0.95
2060,2,3,0,0,0.0,1.0
2061,2,3,3,1,0.05,1.0
2061,2,3,3,1,0.0,1.0
2062,2,2,3,1,0.05,1.0
2062,2,2,3,1,0.0,1.0
2063,2,2,3,1,0.05,1.0
2063,2,2,3,1,0.0,1.0
2064,2,1,3,1,0.05,1.0
2064,2,1,3,1,0.0,1.0
2065,2,1,3,1,0.05,1.0
2065,2,1,3,1,0.0,1.0
2066,2,0,3,1,0.05,1.0
2066,2,0,3,1,0.0,1.0
2067,2,0,3,1,0.05,1.0
2067,2,0,3,1,0.0,1.0
2068,2,3,2,1,0.05,1.0
2068,2,3,2,1,0.0,1.0
2069,2,2,2,1,0.05,1.0
2069,2,2,2,1,0.0,1.0
2070,2,2,2,1,0.0,1.0
2071,2,1,2,1,0.0,1.0
2072,2,1,2,1,0.0,1.0
2073,2,0,2,1,0.0,1.0
2074,2,0,2,1,0.0,1.0
2075,2,3,1,1,0.0,1.0
2076,2,2,1,1,0.0,1.0
2077,2,2,1,1,0.0,1.0
2078,2,1,1,1,0.0,1.0
2079,2,1,1,1,0.0,1.0
2080,2,0,1,1,0.0,1.0
2081,2,0,1,1,0.0,1.0
2082,2,3,0,1,0.0,1.0
2083,2,2,0,1,0.0,1.0
2084,2,2,0,1,0.0,1.0
2085,2,1,0,1,0.0,1.0
2086,2,1,0,1,0.0,1.0
2087,2,0,0,1,0.0,1.0
2088,2,0,0,1,0.0,1.0
2089,2,2,1,1,0.0,1.0
2090,2,0,3,1,0.0,1.0
2091,2,3,3,1,0.05,1.0
2091,2,3,3,1,0.0,1.0
2092,2,2,3,1,0.05,1.0
2092,2,2,3,1,0.0,1.0
2093,2,2,3,1,0.05,1.0
2093,2,2,3,1,0.0,1.0
2094,2,1,3,1,0.05,1.0
2094,2,1,3,1,0.0,1.0
2095,2,1,3,1,0.05,1.0
2095,2,1,3,1,0.0,1.0
2096,2,0,3,1,0.05,1.0
2096,2,0,3,1,0.0,1.0
2097,2,0,3,1,0.05,1.0
2097,2,0,3,1,0.0,1.0
2098,2,3,2,1,0.05,1.0
2098,2,3,2,1,0.0,1.0
2099,2,2,2,1,0.05,1.0
2099,2,2,2,1,0.0,1.0
20100,2,2,2,1,0.05,1.0
20100,2,2,2,1,0.0,1.0
20101,2,1,2,1,0.05,1.0
20101,2,1,2,1,0.0,1.0
20102,2,1,2,1,0.05,1.0
20102,2,1,2,1,0.0,1.0
20103,2,0,2,1,0.05,1.0
20103,2,0,2,1,0.0,1.0
20104,2,0,2,1,0.05,1.0
20104,2,0,2,1,0.0,1.0
20105,2,3,1,1,0.05,1.0
20105,2,3,1,1,0.0,1.0
20106,2,2,1,1,0.05,1.0
20106,2,2,1,1,0.0,1.0
20107,2,2,1,1,0.05,1.0
20107,2,2,1,1,0.0,1.0
20108,2,1,1,1,0.05,1.0
20108,2,1,1,1,0.0,1.0
20109,2,1,1,1,0.05,1.0
20109,2,1,1,1,0.0,1.0
20110,2,0,1,1,0.05,1.0
20110,2,0,1,1,0.0,1.0
20111,2,0,1,1,0.05,1.0
20111,2,0,1,1,0.0,1.0
20112,2,3,0,1,0.05,1.0
20112,2,3,0,1,0.0,1.0
20113,2,2,0,1,0.05,1.0
20113,2,2,0,1,0.0,1.0
20114,2,2,0,1,0.05,1.0
20114,2,2,0,1,0.0,1.0
20115,2,1,0,1,0.05,1.0
20115,2,1,0,1,0.0,1.0
20116,2,1,0,1,0.05,1.0
20116,2,1,0,1,0.0,1.0
20117,2,0,0,1,0.05,1.0
20117,2,0,0,1,0.0,1.0
20118,2,0,0,1,0.05,1.0
20118,2,0,0,1,0.0,1.0
20119,2,2,1,1,0.05,1.0
20119,2,2,1,1,0.0,1.0
20120,2,0,3,1,0.05,1.0
20120,2,0,3,1,0.0,1.0
2061,2,3,3,0,0.0,0.95
2062,2,3,3,0,0.0,0.95
2063,2,2,3,0,0.0,0.95
2064,2,2,3,0,0.0,0.95
2065,2,1,3,0,0.0,0.95
2066,2,1,3,0,0.0,0.95
2067,2,0,3,0,0.0,0.95
2068,2,3,2,0,0.0,0.95
2069,2,3,2,0,0.0,0.95
2069,2,3,2,0,0.0,1.0
2070,2,2,2,0,0.0,1.0
2071,2,2,2,0,0.0,1.0
2072,2,1,2,0,0.0,1.0
2073,2,1,2,0,0.0,1.0
2074,2,0,2,0,0.0,1.0
2075,2,3,1,0,0.0,1.0
2076,2,3,1,0,0.0,1.0
2077,2,2,1,0,0.0,1.0
2078,2,2,1,0,0.0,1.0
2079,2,1,1,0,0.0,1.0
2080,2,1,1,0,0.0,1.0
2081,2,0,1,0,0.0,1.0
2082,2,3,0,0,0.0,1.0
2083,2,3,0,0,0.0,1.0
2084,2,2,0,0,0.0,1.0
2085,2,2,0,0,0.0,1.0
2086,2,1,0,0,0.0,1.0
2087,2,1,0,0,0.0,1.0
2088,2,0,0,0,0.0,1.0
2089,2,1,2,0,0.0,1.0
2090,2,3,0,0,0.0,1.0
2091,2,3,3,0,0.0,1.0
2092,2,3,3,0,0.0,1.0
2093,2,2,3,0,0.0,1.0
2094,2,2,3,0,0.0,1.0
2095,2,1,3,0,0.0,1.0
2096,2,1,3,0,0.0,1.0
2097,2,0,3,0,0.0,1.0
2098,2,3,2,0,0.0,1.0
2099,2,3,2,0,0.0,1.0
20100,2,2,2,0,0.0,1.0
20101,2,2,2,0,0.0,1.0
20102,2,1,2,0,0.0,1.0
20103,2,1,2,0,0.0,1.0
20104,2,0,2,0,0.0,1.0
20105,2,3,1,0,0.0,1.0
20106,2,3,1,0,0.0,1.0
20107,2,2,1,0,0.0,1.0
20108,2,2,1,0,0.0,1.0
20109,2,1,1,0,0.0,1.0
20110,2,1,1,0,0.0,1.0
20111,2,0,1,0,0.0,1.0
20112,2,3,0,0,0.0,1.0
20113,2,3,0,0,0.0,1.0
20114,2,2,0,0,0.0,1.0
20115,2,2,0,0,0.0,1.0
20116,2,1,0,0,0.0,1.0
20117,2,1,0,0,0.0,1.0
20118,2,0,0,0,0.0,1.0
20119,2,1,2,0,0.0,1.0
20120,2,3,0,0,0.0,1.0